BSE:07AGG,Unknown
BSE:07GPG,Unknown
BSE:08AGG,Unknown
BSE:08GPG,Unknown
BSE:08MPD,Unknown
BSE:08QPR,Unknown
BSE:09AGG,Unknown
BSE:09GPG,Unknown
BSE:10AGG,Unknown
BSE:10ARD,Unknown
BSE:10GPG,Unknown
BSE:11ADD,Unknown
BSE:11AMD,Unknown
BSE:11AQD,Unknown
BSE:11DPR,Unknown
BSE:11GPG,Unknown
BSE:11MPD,Unknown
BSE:11MPR,Unknown
BSE:11QPD,Unknown
BSE:11QPR,Unknown
BSE:1STCUS,Unknown
BSE:3BBLACKBIO,Unknown
BSE:3BFILMS,Unknown
BSE:3CIT,Unknown
BSE:4THGEN,Unknown
BSE:7NR,Unknown
BSE:7SEASL,Unknown
BSE:7TEC,Unknown
BSE:A1L,Unknown
BSE:AADIIND,Unknown
BSE:AAIL,Unknown
BSE:AANANDALAK,Unknown
BSE:AAPLUSTRAD,Unknown
BSE:AARNAV,Unknown
BSE:AASHKA,Unknown
BSE:AASTAFIN,Unknown
BSE:AAYUSH,Unknown
BSE:AAYUSHBULL,Unknown
BSE:ABANSENT,Unknown
BSE:ABATEAS,Unknown
BSE:ABCINDQ,Unknown
BSE:ABHICAP,Unknown
BSE:ABHIFIN,Unknown
BSE:ABIRAFN,Unknown
BSE:ABMKNO,Unknown
BSE:ABRFL,Unknown
BSE:ABRIL,Unknown
BSE:ABVL,Unknown
BSE:ACCEDERE,Unknown
BSE:ACCEL,Unknown
BSE:ACCELERATE,Unknown
BSE:ACEALPHA,Unknown
BSE:ACEEDU,Unknown
BSE:ACEENGITEC,Unknown
BSE:ACEMEN,Unknown
BSE:ACESOFT,Unknown
BSE:ACGL,Unknown
BSE:ACHYUT,Unknown
BSE:ACIIN,Unknown
BSE:ACKNIT,Unknown
BSE:ACLD,Unknown
BSE:ACME,Unknown
BSE:ACML,Unknown
BSE:ACROW,Unknown
BSE:ACSTECH,Unknown
BSE:ACTIVE,Unknown
BSE:ADARSHPL,Unknown
BSE:ADCINDIA,Unknown
BSE:ADCON,Unknown
BSE:ADCOUNTY,Unknown
BSE:ADDIND,Unknown
BSE:ADESHWAR,Unknown
BSE:ADHBHUTIN,Unknown
BSE:ADINATH,Unknown
BSE:ADITYA,Unknown
BSE:ADITYASP,Unknown
BSE:ADJIA,Unknown
BSE:ADMANUM,Unknown
BSE:ADORMUL,Unknown
BSE:ADTECH,Unknown
BSE:ADVAIT,Unknown
BSE:ADVIKLA,Unknown
BSE:ADVLIFE,Unknown
BSE:ADVPETR_B,Unknown
BSE:AEIM,Unknown
BSE:AEL,Unknown
BSE:AEONXDIGI,Unknown
BSE:AEPL,Unknown
BSE:AERPACE,Unknown
BSE:AFCOM,Unknown
BSE:AFEL,Unknown
BSE:AGARWAL,Unknown
BSE:AGIOPAPER,Unknown
BSE:AGOL,Unknown
BSE:AGVENTURES,Unknown
BSE:AHASOLAR,Unknown
BSE:AHMDSTE,Unknown
BSE:AICHAMP,Unknown
BSE:AIKPIPES,Unknown
BSE:AIMCOPEST,Unknown
BSE:AIML,Unknown
BSE:AIRFLOA,Unknown
BSE:AJANTSOY,Unknown
BSE:AJCJEWEL,Unknown
BSE:AJCON,Unknown
BSE:AJWAFUN,Unknown
BSE:AKCAPIT,Unknown
BSE:ALANSCOTT,Unknown
BSE:ALCHCORP,Unknown
BSE:ALFAICA,Unknown
BSE:ALFATRAN,Unknown
BSE:ALFAVIO,Unknown
BSE:ALFL,Unknown
BSE:ALFREDHE,Unknown
BSE:ALGOQUANT,Unknown
BSE:ALKOSIGN,Unknown
BSE:ALPHAIND,Unknown
BSE:ALPHALOGIC,Unknown
BSE:ALPINEHOU,Unknown
BSE:ALSL,Unknown
BSE:ALSTONE,Unknown
BSE:ALTIUSINVIT,Unknown
BSE:ALUFLUOR,Unknown
BSE:AMAL,Unknown
BSE:AMALGAM,Unknown
BSE:AMARJOTHI,Unknown
BSE:AMARSEC,Unknown
BSE:AMBALALSA,Unknown
BSE:AMBARPIL,Unknown
BSE:AMBIT,Unknown
BSE:AMBOAGRI,Unknown
BSE:AMCOIND,Unknown
BSE:AMERISE,Unknown
BSE:AMFORG,Unknown
BSE:AMIC,Unknown
BSE:AMITINT,Unknown
BSE:AMITSEC,Unknown
BSE:AMKAY,Unknown
BSE:AMPVOLTS,Unknown
BSE:AMRAAGRI,Unknown
BSE:AMRAPLIN,Unknown
BSE:AMWILL,Unknown
BSE:ANDHRAPET,Unknown
BSE:ANDREWYU,Unknown
BSE:ANG,Unknown
BSE:ANJANI,Unknown
BSE:ANJANIFIN,Unknown
BSE:ANJANIFOODS,Unknown
BSE:ANKIN,Unknown
BSE:ANNAINFRA,Unknown
BSE:ANSALBU,Unknown
BSE:ANSALHSG,Unknown
BSE:ANSINDUS,Unknown
BSE:ANUPAM,Unknown
BSE:ANUROOP,Unknown
BSE:ANVRDHI,Unknown
BSE:APIL,Unknown
BSE:APIS,Unknown
BSE:APL,Unknown
BSE:APLAB,Unknown
BSE:APMIN,Unknown
BSE:APOLLOFI,Unknown
BSE:APPL,Unknown
BSE:APTPACK,Unknown
BSE:ARAVALIS,Unknown
BSE:ARCEEIN,Unknown
BSE:ARCFIN,Unknown
BSE:ARCHITORG,Unknown
BSE:ARCL,Unknown
BSE:AREXMIS,Unknown
BSE:ARIGATO,Unknown
BSE:ARIHANT,Unknown
BSE:ARISE,Unknown
BSE:ARISINT,Unknown
BSE:ARL,Unknown
BSE:ARMAN,Unknown
BSE:ARNOLD,Unknown
BSE:ARROWHEAD,Unknown
BSE:ARTEFACT,Unknown
BSE:ARTSON,Unknown
BSE:ARUNAHTEL,Unknown
BSE:ARUNIS,Unknown
BSE:ARYACAPM,Unknown
BSE:ARYAMAN,Unknown
BSE:ARYAN,Unknown
BSE:ARYAVAN,Unknown
BSE:ASCENSIVE,Unknown
BSE:ASHAI,Unknown
BSE:ASHCAP,Unknown
BSE:ASHIKA,Unknown
BSE:ASHIS,Unknown
BSE:ASHISHPO,Unknown
BSE:ASHNI,Unknown
BSE:ASHNOOR,Unknown
BSE:ASHOKRE,Unknown
BSE:ASHRAM,Unknown
BSE:ASHSI,Unknown
BSE:ASHUTPM,Unknown
BSE:ASIAN,Unknown
BSE:ASIANTNE,Unknown
BSE:ASIAPAK,Unknown
BSE:ASIIL,Unknown
BSE:ASINPET,Unknown
BSE:ASITCFIN,Unknown
BSE:ASMTEC,Unknown
BSE:ASPIRA,Unknown
BSE:ASRL,Unknown
BSE:ASSAMENT,Unknown
BSE:ASSOCER,Unknown
BSE:ASSOCIATED,Unknown
BSE:ASTALLTD,Unknown
BSE:ASTAR,Unknown
BSE:ASTONEALAB,Unknown
BSE:ASYL,Unknown
BSE:ATENPAPERS,Unknown
BSE:ATHARVENT,Unknown
BSE:ATHCON,Unknown
BSE:ATHENAGLO,Unknown
BSE:ATISHAY,Unknown
BSE:ATVOENT,Unknown
BSE:ATVPR,Unknown
BSE:AUSTENG,Unknown
BSE:AUSTERE,Unknown
BSE:AUTOIETF,Unknown
BSE:AUTOPINS,Unknown
BSE:AVAILFC,Unknown
BSE:AVANCE,Unknown
BSE:AVASARA,Unknown
BSE:AVAX,Unknown
BSE:AVEER,Unknown
BSE:AVI,Unknown
BSE:AVIVA,Unknown
BSE:AXELPOLY,Unknown
BSE:AXISOL,Unknown
BSE:AXTEL,Unknown
BSE:AZADIND,Unknown
BSE:AZTEC,Unknown
BSE:B2BSOFT,Unknown
BSE:BABA,Unknown
BSE:BACPHAR,Unknown
BSE:BAJAJST,Unknown
BSE:BALGOPAL,Unknown
BSE:BALTE,Unknown
BSE:BAMBINO,Unknown
BSE:BAMPSL,Unknown
BSE:BANASFN,Unknown
BSE:BANDARAM,Unknown
BSE:BANGANGA,Unknown
BSE:BARODARY,Unknown
BSE:BAROEXT,Unknown
BSE:BARONINF,Unknown
BSE:BASANTGL,Unknown
BSE:BATLIBOI,Unknown
BSE:BAZELINTER,Unknown
BSE:BBETF0432,Unknown
BSE:BCCFUBA,Unknown
BSE:BCCL,Unknown
BSE:BCLENTERPR,Unknown
BSE:BCP,Unknown
BSE:BCPL,Unknown
BSE:BDH,Unknown
BSE:BDI,Unknown
BSE:BEEKAY,Unknown
BSE:BEEYU,Unknown
BSE:BEEZAASAN,Unknown
BSE:BEFOUNDMOL,Unknown
BSE:BEMHY,Unknown
BSE:BENARA,Unknown
BSE:BENARAS,Unknown
BSE:BENCHMARK,Unknown
BSE:BENGALASM,Unknown
BSE:BENGALT,Unknown
BSE:BERLDRG,Unknown
BSE:BERYLSE,Unknown
BSE:BESTEAST,Unknown
BSE:BETXIND,Unknown
BSE:BFFL,Unknown
BSE:BFLAFL,Unknown
BSE:BGDL,Unknown
BSE:BGIL,Unknown
BSE:BGJL,Unknown
BSE:BGWTATO,Unknown
BSE:BHAGWOX,Unknown
BSE:BHARAT,Unknown
BSE:BHARATAGRI,Unknown
BSE:BHARATROHAN,Unknown
BSE:BHASKAGR,Unknown
BSE:BHATEXT,Unknown
BSE:BHATIA,Unknown
BSE:BHILSPIN,Unknown
BSE:BHUDEVI,Unknown
BSE:BI,Unknown
BSE:BIBCL,Unknown
BSE:BIHSPONG,Unknown
BSE:BIMETAL,Unknown
BSE:BINNYMILLS,Unknown
BSE:BIOGEN,Unknown
BSE:BIRLAPREC,Unknown
BSE:BISIL,Unknown
BSE:BITS,Unknown
BSE:BIZOTIC,Unknown
BSE:BJDUP,Unknown
BSE:BKV,Unknown
BSE:BLACKROSE,Unknown
BSE:BLIL,Unknown
BSE:BLOIN,Unknown
BSE:BLOOM,Unknown
BSE:BLT,Unknown
BSE:BLUECHIPT,Unknown
BSE:BLUECLOUDS,Unknown
BSE:BLUEGOD,Unknown
BSE:BMW,Unknown
BSE:BNAGROCHEM,Unknown
BSE:BNALTD,Unknown
BSE:BNRSEC,Unknown
BSE:BNRUDY,Unknown
BSE:BODHTREE,Unknown
BSE:BOMBCYC,Unknown
BSE:BOMBWIR,Unknown
BSE:BOMOXY_B1,Unknown
BSE:BOMTALKIES,Unknown
BSE:BONDADA,Unknown
BSE:BONLON,Unknown
BSE:BOSTONBIO,Unknown
BSE:BPAGRI,Unknown
BSE:BPCAP,Unknown
BSE:BPLPHARMA,Unknown
BSE:BRADYM,Unknown
BSE:BRAHMINFRA,Unknown
BSE:BRAWN,Unknown
BSE:BRGIL,Unknown
BSE:BRIDGESE,Unknown
BSE:BRIGHT,Unknown
BSE:BRIGHTBR,Unknown
BSE:BRIPORT,Unknown
BSE:BRISK,Unknown
BSE:BROACH,Unknown
BSE:BRPL,Unknown
BSE:BRRL,Unknown
BSE:BSE500IETF,Unknown
BSE:BSELALGO,Unknown
BSE:BTTL,Unknown
BSE:CALCOM,Unknown
BSE:CAMEXLTD,Unknown
BSE:CANDOUR,Unknown
BSE:CAPFIN,Unknown
BSE:CAPPIPES,Unknown
BSE:CAPRICORN,Unknown
BSE:CAPRIHANS,Unknown
BSE:CAPRO,Unknown
BSE:CARGOSOL,Unknown
BSE:CARGOTRANS,Unknown
BSE:CASPIAN,Unknown
BSE:CATVISION,Unknown
BSE:CCAL,Unknown
BSE:CCLINTER,Unknown
BSE:CDG,Unknown
BSE:CEEJAY,Unknown
BSE:CEENIK,Unknown
BSE:CEETAIN,Unknown
BSE:CEINSYSTECH,Unknown
BSE:CELLA,Unknown
BSE:CEMAINFRA,Unknown
BSE:CENLUB,Unknown
BSE:CFEL,Unknown
BSE:CFF,Unknown
BSE:CFL,Unknown
BSE:CGFL,Unknown
BSE:CGVAK,Unknown
BSE:CHALLANI,Unknown
BSE:CHANDNIMACH,Unknown
BSE:CHANDRAP,Unknown
BSE:CHANDRIMA,Unknown
BSE:CHARMS,Unknown
BSE:CHATHA,Unknown
BSE:CHCL,Unknown
BSE:CHDCHEM,Unknown
BSE:CHECKPOINT,Unknown
BSE:CHEMCRUX,Unknown
BSE:CHEMKART,Unknown
BSE:CHEMOPH,Unknown
BSE:CHEMTECH,Unknown
BSE:CHLLTD,Unknown
BSE:CHLOGIST,Unknown
BSE:CHMBBRW,Unknown
BSE:CHOKSI,Unknown
BSE:CHOKSILA,Unknown
BSE:CHORDIA,Unknown
BSE:CHOWGULSTM,Unknown
BSE:CHROME,Unknown
BSE:CHRTEDCA,Unknown
BSE:CHTR,Unknown
BSE:CIANAGRO,Unknown
BSE:CIL,Unknown
BSE:CILSEC,Unknown
BSE:CINDHO,Unknown
BSE:CISTRO,Unknown
BSE:CITADEL,Unknown
BSE:CITICHEM,Unknown
BSE:CITIPOR,Unknown
BSE:CITL,Unknown
BSE:CITYMAN,Unknown
BSE:CITYONLINE,Unknown
BSE:CITYSQUARE,Unknown
BSE:CJGEL,Unknown
BSE:CLARA,Unknown
BSE:CLENON,Unknown
BSE:CLFL,Unknown
BSE:CLN,Unknown
BSE:CMBL,Unknown
BSE:CMMHOSP,Unknown
BSE:CMXLTD,Unknown
BSE:CNCRD,Unknown
BSE:CNINFOTECH,Unknown
BSE:COARO,Unknown
BSE:COCHINM,Unknown
BSE:COCHMAL,Unknown
BSE:COCKERILL,Unknown
BSE:COLAB,Unknown
BSE:COLINZ,Unknown
BSE:COLORCHIPS,Unknown
BSE:COMCL,Unknown
BSE:COMFINCAP,Unknown
BSE:COMFINTE,Unknown
BSE:COMPEAU,Unknown
BSE:COMPUPN,Unknown
BSE:COMRADE,Unknown
BSE:CONART,Unknown
BSE:CONCORD,Unknown
BSE:CONSTRONIC,Unknown
BSE:CONTAINE,Unknown
BSE:CONTCHM,Unknown
BSE:CONTICON,Unknown
BSE:CONTILI,Unknown
BSE:CONTPTR,Unknown
BSE:CORALAB,Unknown
BSE:CORNE,Unknown
BSE:COROENGG,Unknown
BSE:COSCO,Unknown
BSE:COSMICCRF,Unknown
BSE:COSMOFE,Unknown
BSE:COSPOWER,Unknown
BSE:COSYN,Unknown
BSE:COTFAB,Unknown
BSE:COVANCE,Unknown
BSE:COVIDH,Unknown
BSE:CPL,Unknown
BSE:CPML,Unknown
BSE:CRANESSOFT,Unknown
BSE:CRANEX,Unknown
BSE:CRAVATEX,Unknown
BSE:CREATIVE,Unknown
BSE:CRIMSON,Unknown
BSE:CROISSANCE,Unknown
BSE:CROPSTER,Unknown
BSE:CRSL,Unknown
BSE:CRSTCHM,Unknown
BSE:CRYOGENIC,Unknown
BSE:CRYSTAL,Unknown
BSE:CSL,Unknown
BSE:CSURGSU,Unknown
BSE:CTCL,Unknown
BSE:CTL,Unknown
BSE:CTLLAB,Unknown
BSE:CUBIFIN,Unknown
BSE:CUPIDALBV,Unknown
BSE:CWD,Unknown
BSE:CYBELEIND,Unknown
BSE:DAICHI,Unknown
BSE:DAIKAFFI,Unknown
BSE:DANLAW,Unknown
BSE:DANUBE,Unknown
BSE:DAPS,Unknown
BSE:DARJEELING,Unknown
BSE:DARSHANORNA,Unknown
BSE:DATIWARE,Unknown
BSE:DAULAT,Unknown
BSE:DAVIN,Unknown
BSE:DDIL,Unknown
BSE:DECANBRG,Unknown
BSE:DECCAN,Unknown
BSE:DECIPHER,Unknown
BSE:DECNGOLD,Unknown
BSE:DECOMIC,Unknown
BSE:DECPO,Unknown
BSE:DEEP,Unknown
BSE:DEEPAKCHEM,Unknown
BSE:DEEPAKSP,Unknown
BSE:DEL,Unknown
BSE:DELTA,Unknown
BSE:DENISCHEM,Unknown
BSE:DESCO,Unknown
BSE:DESHRAK,Unknown
BSE:DEVINE,Unknown
BSE:DFL,Unknown
BSE:DFPL,Unknown
BSE:DGL,Unknown
BSE:DHABRIYA,Unknown
BSE:DHAMPURE,Unknown
BSE:DHANCOT,Unknown
BSE:DHANFAB,Unknown
BSE:DHANROTO,Unknown
BSE:DHANSAFAL,Unknown
BSE:DHARFIN,Unknown
BSE:DHARNI,Unknown
BSE:DHATRE,Unknown
BSE:DHENUBUILD,Unknown
BSE:DHINDIA,Unknown
BSE:DHOOTIN,Unknown
BSE:DHPIND,Unknown
BSE:DHYAANITR,Unknown
BSE:DIAMANT,Unknown
BSE:DIANATEA,Unknown
BSE:DIDL,Unknown
BSE:DIKSAT,Unknown
BSE:DILIGENT,Unknown
BSE:DISAQ,Unknown
BSE:DITCO,Unknown
BSE:DIVSHKT,Unknown
BSE:DJSSS,Unknown
BSE:DLTNCBL,Unknown
BSE:DML,Unknown
BSE:DMR,Unknown
BSE:DOLFIN,Unknown
BSE:DOLPHMED,Unknown
BSE:DPL,Unknown
BSE:DRA,Unknown
BSE:DRAGARWQ,Unknown
BSE:DRL,Unknown
BSE:DRONACHRYA,Unknown
BSE:DSINVEST,Unknown
BSE:DUGARHOU,Unknown
BSE:DUKEOFS,Unknown
BSE:DUNCANENG,Unknown
BSE:DUROPACK,Unknown
BSE:DUROPLY,Unknown
BSE:DUTRON,Unknown
BSE:DWL,Unknown
BSE:DYNAMIND,Unknown
BSE:DYNAVSN,Unknown
BSE:EARKART,Unknown
BSE:EARTH,Unknown
BSE:EASTBUILD,Unknown
BSE:EASTINDIA,Unknown
BSE:EASTRED,Unknown
BSE:EASTWEST,Unknown
BSE:EASUN,Unknown
BSE:EBBETF0430,Unknown
BSE:EBIX,Unknown
BSE:ECOBOAR,Unknown
BSE:ECOHOTELS,Unknown
BSE:ECOPLAST,Unknown
BSE:ECORECO,Unknown
BSE:ECS,Unknown
BSE:ECSTSTL,Unknown
BSE:EDVENSWA,Unknown
BSE:EIGHTY,Unknown
BSE:EIKO,Unknown
BSE:EKAMLEA,Unknown
BSE:EKANSH,Unknown
BSE:EKI,Unknown
BSE:ELAND,Unknown
BSE:ELANGO,Unknown
BSE:ELANTAS,Unknown
BSE:ELCIDIN,Unknown
BSE:ELEFLOR,Unknown
BSE:ELEMARB,Unknown
BSE:ELFORGE,Unknown
BSE:ELITECON,Unknown
BSE:ELIXIR,Unknown
BSE:ELNET,Unknown
BSE:ELPROINTL,Unknown
BSE:EMAINDIA,Unknown
BSE:EMERALD,Unknown
BSE:EMERALL,Unknown
BSE:EMERGENT,Unknown
BSE:EMMESSA,Unknown
BSE:EMMFORCE,Unknown
BSE:EMPIND,Unknown
BSE:EMPOWER,Unknown
BSE:ENBETRD,Unknown
BSE:ENCODE,Unknown
BSE:ENERGYINF,Unknown
BSE:ENKEIWHEL,Unknown
BSE:ENTRINT,Unknown
BSE:ENVAIREL,Unknown
BSE:EPBIO,Unknown
BSE:EPIC,Unknown
BSE:EPSOMPRO,Unknown
BSE:EPUJA,Unknown
BSE:ERPSOFT,Unknown
BSE:ESARIND,Unknown
BSE:ESCORP,Unknown
BSE:ESHAMEDIA,Unknown
BSE:ESPIRE,Unknown
BSE:ESSEX,Unknown
BSE:ETIL,Unknown
BSE:EUPHORIAIT,Unknown
BSE:EUREKAI,Unknown
BSE:EUROLED,Unknown
BSE:EVANS,Unknown
BSE:EVERESTO,Unknown
BSE:EVERFIN,Unknown
BSE:EVEXIA,Unknown
BSE:EVOQ,Unknown
BSE:EXHICON,Unknown
BSE:EXPLICITFIN,Unknown
BSE:EXPOEAPL,Unknown
BSE:EY,Unknown
BSE:FAALCON,Unknown
BSE:FABCLEAN,Unknown
BSE:FABINO,Unknown
BSE:FACORALL,Unknown
BSE:FAMILYCARE,Unknown
BSE:FEDDERSHOL,Unknown
BSE:FERMENTA,Unknown
BSE:FERVENTSYN,Unknown
BSE:FFPL,Unknown
BSE:FGP,Unknown
BSE:FILME,Unknown
BSE:FILTRA,Unknown
BSE:FILTRON,Unknown
BSE:FINELINE,Unknown
BSE:FINKURVE,Unknown
BSE:FIRSTFIN,Unknown
BSE:FLEXFO,Unknown
BSE:FLOMIC,Unknown
BSE:FLORACORP,Unknown
BSE:FLUIDOM,Unknown
BSE:FOCUS,Unknown
BSE:FORBESCO,Unknown
BSE:FORTISMLR,Unknown
BSE:FRANKLIN,Unknown
BSE:FRANKLININD,Unknown
BSE:FRASER,Unknown
BSE:FRATELLI,Unknown
BSE:FREDUN,Unknown
BSE:FRONTCAP,Unknown
BSE:FRONTCORP,Unknown
BSE:FRONTSP,Unknown
BSE:FRUTION,Unknown
BSE:FTL,Unknown
BSE:FUNDVISER,Unknown
BSE:FUTURSEC,Unknown
BSE:FYNX,Unknown
BSE:GAGAN,Unknown
BSE:GAJANANSEC,Unknown
BSE:GALACTICO,Unknown
BSE:GALADAFIN,Unknown
BSE:GALAGEX,Unknown
BSE:GALLOPENT,Unknown
BSE:GALXBRG,Unknown
BSE:GAMCO,Unknown
BSE:GANGAPA,Unknown
BSE:GANVERSE,Unknown
BSE:GARBIFIN,Unknown
BSE:GARGFUR,Unknown
BSE:GARGI,Unknown
BSE:GARMENTPP,Unknown
BSE:GARNET,Unknown
BSE:GARNETINT,Unknown
BSE:GARODCH,Unknown
BSE:GARWAMAR,Unknown
BSE:GARWSYN,Unknown
BSE:GAYATRI,Unknown
BSE:GAYATRIBI,Unknown
BSE:GBFL,Unknown
BSE:GBLOGISTIC,Unknown
BSE:GCKL,Unknown
BSE:GCMCAPI,Unknown
BSE:GCMSECU,Unknown
BSE:GCONNECT,Unknown
BSE:GDLLEAS,Unknown
BSE:GEE,Unknown
BSE:GEETANJ,Unknown
BSE:GEL,Unknown
BSE:GEMENVIRO,Unknown
BSE:GEMSI,Unknown
BSE:GEMSPIN,Unknown
BSE:GENNEX,Unknown
BSE:GENPHARMA,Unknown
BSE:GENUSPRIME,Unknown
BSE:GETALONG,Unknown
BSE:GGAUTO,Unknown
BSE:GGDPROP,Unknown
BSE:GGENG,Unknown
BSE:GGL,Unknown
BSE:GGPL,Unknown
BSE:GHVINFRA,Unknown
BSE:GIANLIFE,Unknown
BSE:GILADAFINS,Unknown
BSE:GINISILK,Unknown
BSE:GKB,Unknown
BSE:GKP,Unknown
BSE:GLANCE,Unknown
BSE:GLEN,Unknown
BSE:GLHRL,Unknown
BSE:GLITTEKG,Unknown
BSE:GLOBALCA,Unknown
BSE:GLOBOFFS,Unknown
BSE:GLOBTIER,Unknown
BSE:GLOBUSCON,Unknown
BSE:GMPL,Unknown
BSE:GNRL,Unknown
BSE:GOBLIN,Unknown
BSE:GODAVARI,Unknown
BSE:GOEL,Unknown
BSE:GOELCONS,Unknown
BSE:GOGIACAPGL,Unknown
BSE:GOKAKTEX,Unknown
BSE:GOLDCOINHF,Unknown
BSE:GOLDLEG,Unknown
BSE:GOLECHA,Unknown
BSE:GOLKONDA,Unknown
BSE:GOLKUNDIA,Unknown
BSE:GOODRICKE,Unknown
BSE:GOODYEAR,Unknown
BSE:GOPAIST,Unknown
BSE:GORANIN,Unknown
BSE:GOURMET,Unknown
BSE:GOYALASS,Unknown
BSE:GPAPL,Unknown
BSE:GPSL,Unknown
BSE:GRANDMA,Unknown
BSE:GRANDOAK,Unknown
BSE:GRATEXI,Unknown
BSE:GRAUWEIL,Unknown
BSE:GRAVISSHO,Unknown
BSE:GRAVITY,Unknown
BSE:GREENCREST,Unknown
BSE:GROARC,Unknown
BSE:GROWINGTON,Unknown
BSE:GSAUTO,Unknown
BSE:GSBFIN,Unknown
BSE:GSLSEC,Unknown
BSE:GSTL,Unknown
BSE:GTEIT,Unknown
BSE:GTNINDS,Unknown
BSE:GTNTEX,Unknown
BSE:GTTDATA,Unknown
BSE:GTV,Unknown
BSE:GUJARATPOLY,Unknown
BSE:GUJCONT,Unknown
BSE:GUJCOTEX,Unknown
BSE:GUJCRAFT,Unknown
BSE:GUJCRED,Unknown
BSE:GUJHOTE,Unknown
BSE:GUJHYSPIN,Unknown
BSE:GUJINJEC,Unknown
BSE:GUJINTRX,Unknown
BSE:GUJPETR,Unknown
BSE:GUJSTATFIN,Unknown
BSE:GUJTERC,Unknown
BSE:GUJTLRM,Unknown
BSE:GUJWIND,Unknown
BSE:GVBL,Unknown
BSE:GVFILM,Unknown
BSE:GVL,Unknown
BSE:GYANDEV,Unknown
BSE:HALDER,Unknown
BSE:HALDYNGL,Unknown
BSE:HAMPS,Unknown
BSE:HAMPTON,Unknown
BSE:HANSUGAR,Unknown
BSE:HARAFIN,Unknown
BSE:HARCR,Unknown
BSE:HARDCAS,Unknown
BSE:HARIAAPL,Unknown
BSE:HARIAEXPO,Unknown
BSE:HARIGOV,Unknown
BSE:HARISH,Unknown
BSE:HARLETH,Unknown
BSE:HARSHDEEP,Unknown
BSE:HARSHILAGR,Unknown
BSE:HARYNACAP,Unknown
BSE:HASTIFIN,Unknown
BSE:HATHWAYB,Unknown
BSE:HAWAENG,Unknown
BSE:HAWKINCOOK,Unknown
BSE:HAZOOR,Unknown
BSE:HBEL,Unknown
BSE:HBESD,Unknown
BSE:HBLEAS,Unknown
BSE:HBPOR,Unknown
BSE:HCKKVENTURE,Unknown
BSE:HEALTHIETF,Unknown
BSE:HEALTHYLIFE,Unknown
BSE:HEERAISP,Unknown
BSE:HELPAGE,Unknown
BSE:HEMACEM,Unknown
BSE:HFIL,Unknown
BSE:HIGHENE,Unknown
BSE:HIGHSTREE,Unknown
BSE:HIKLASS,Unknown
BSE:HIMTEK,Unknown
BSE:HINDADH,Unknown
BSE:HINDALUMI,Unknown
BSE:HINDAPL,Unknown
BSE:HINDBIO,Unknown
BSE:HINDHARD,Unknown
BSE:HINDMILL,Unknown
BSE:HINDTIN,Unknown
BSE:HINDUST,Unknown
BSE:HINFLUR,Unknown
BSE:HIPOLIN,Unknown
BSE:HIRAUTO,Unknown
BSE:HISARSP,Unknown
BSE:HITKITGLO,Unknown
BSE:HITTCO,Unknown
BSE:HMEML,Unknown
BSE:HOCL,Unknown
BSE:HOTLSILV,Unknown
BSE:HOWARHO,Unknown
BSE:HPBL,Unknown
BSE:HPCOTTON,Unknown
BSE:HRMNYCP,Unknown
BSE:HRYNSHP,Unknown
BSE:HUIL,Unknown
BSE:IBINFO,Unknown
BSE:ICL,Unknown
BSE:ICODEX,Unknown
BSE:ICON,Unknown
BSE:ICONIKSPEV,Unknown
BSE:ICSL,Unknown
BSE:IDENTIXWEB,Unknown
BSE:IDFSENSEXE,Unknown
BSE:IECEDU,Unknown
BSE:IFINSEC,Unknown
BSE:IFINSER,Unknown
BSE:IFL,Unknown
BSE:IGCIL,Unknown
BSE:IIL,Unknown
BSE:IIRM,Unknown
BSE:IITLPROJ,Unknown
BSE:IMEC,Unknown
BSE:INA,Unknown
BSE:INANI,Unknown
BSE:INANISEC,Unknown
BSE:INCAP,Unknown
BSE:INCON,Unknown
BSE:INDAG,Unknown
BSE:INDAGIV,Unknown
BSE:INDBNK,Unknown
BSE:INDCEMCAP,Unknown
BSE:INDCTST,Unknown
BSE:INDERGR,Unknown
BSE:INDGELA,Unknown
BSE:INDIAHOME,Unknown
BSE:INDIANACRY,Unknown
BSE:INDIANVSH,Unknown
BSE:INDICAP,Unknown
BSE:INDINFO,Unknown
BSE:INDLEASE,Unknown
BSE:INDOCITY,Unknown
BSE:INDOCRED,Unknown
BSE:INDOEURO,Unknown
BSE:INDOKEM,Unknown
BSE:INDONG,Unknown
BSE:INDPRUD,Unknown
BSE:INDRANIB,Unknown
BSE:INDRENEW,Unknown
BSE:INDSILHYD,Unknown
BSE:INDSOYA,Unknown
BSE:INDSUCR,Unknown
BSE:INDTONER,Unknown
BSE:INDUSFINL,Unknown
BSE:INDXTRA,Unknown
BSE:INFLAME,Unknown
BSE:INFONATIVE,Unknown
BSE:INFORTEC,Unknown
BSE:INFRONICS,Unknown
BSE:INLANPR,Unknown
BSE:INLCM,Unknown
BSE:INNOCORP,Unknown
BSE:INNOKAIZ,Unknown
BSE:INNOVATIVE,Unknown
BSE:INNOVATORS,Unknown
BSE:INNOVTEC,Unknown
BSE:INOVSYNTH,Unknown
BSE:INRADIA,Unknown
BSE:INTECCAP,Unknown
BSE:INTEGFD,Unknown
BSE:INTEGHIT,Unknown
BSE:INTEGRAEN,Unknown
BSE:INTEGSW,Unknown
BSE:INTERDIGI,Unknown
BSE:INTETHR,Unknown
BSE:INTLCOMBQ,Unknown
BSE:INTRGLB,Unknown
BSE:INTSTOIL,Unknown
BSE:INVIGO,Unknown
BSE:INVPRECQ,Unknown
BSE:IPOWER,Unknown
BSE:IPRINGLTD,Unknown
BSE:IRONWOOD,Unknown
BSE:ISFL,Unknown
BSE:ISHITADR,Unknown
BSE:ISLCONSUL,Unknown
BSE:ISTLTD,Unknown
BSE:ISTRNETWK,Unknown
BSE:ISWL,Unknown
BSE:ITCONS,Unknown
BSE:ITHL,Unknown
BSE:ITL,Unknown
BSE:IWP,Unknown
BSE:IYKOTHITE,Unknown
BSE:JACKSON,Unknown
BSE:JAFINANCE,Unknown
BSE:JAGAJITIND,Unknown
BSE:JAGANLAM,Unknown
BSE:JAGJANANI,Unknown
BSE:JAGSONFI,Unknown
BSE:JAIHINDS,Unknown
BSE:JAIMATAG,Unknown
BSE:JAINCO,Unknown
BSE:JAINEX,Unknown
BSE:JAINMARMO,Unknown
BSE:JAIPAN,Unknown
BSE:JAMESWARREN,Unknown
BSE:JAMSHRI,Unknown
BSE:JASCH,Unknown
BSE:JATTAINDUS,Unknown
BSE:JAYBHCR,Unknown
BSE:JAYCH,Unknown
BSE:JAYIND,Unknown
BSE:JAYKAILASH,Unknown
BSE:JAYKAY,Unknown
BSE:JAYSYNTH,Unknown
BSE:JAYTEX,Unknown
BSE:JAYUSH,Unknown
BSE:JDCABLES,Unknown
BSE:JEL,Unknown
BSE:JENBURPH,Unknown
BSE:JETKINGQ,Unknown
BSE:JETMALL,Unknown
BSE:JETSOLAR,Unknown
BSE:JFL,Unknown
BSE:JGTL,Unknown
BSE:JHACC,Unknown
BSE:JIGAR,Unknown
BSE:JINDCAP,Unknown
BSE:JINDHOT,Unknown
BSE:JJFINCOR,Unknown
BSE:JKAGRI,Unknown
BSE:JLL,Unknown
BSE:JMDVL,Unknown
BSE:JMGCORP,Unknown
BSE:JMJFIN,Unknown
BSE:JOHNPHARMA,Unknown
BSE:JOINDRE,Unknown
BSE:JOINTECAED,Unknown
BSE:JONJUA,Unknown
BSE:JOSTS,Unknown
BSE:JPTSEC,Unknown
BSE:JSLINDL,Unknown
BSE:JSTL,Unknown
BSE:JULIEN,Unknown
BSE:JUMBO,Unknown
BSE:JUNGLECAMP,Unknown
BSE:JUPITERIN,Unknown
BSE:JUSTO,Unknown
BSE:JYOTI,Unknown
BSE:JYOTIRES,Unknown
BSE:KAARYAFSL,Unknown
BSE:KABRADG,Unknown
BSE:KABSON,Unknown
BSE:KACHCHH,Unknown
BSE:KACL,Unknown
BSE:KAHAN,Unknown
BSE:KAIRA,Unknown
BSE:KAIZENAGRO,Unknown
BSE:KAJARIR,Unknown
BSE:KAKA,Unknown
BSE:KAKTEX,Unknown
BSE:KALLAM,Unknown
BSE:KALPACOMME,Unknown
BSE:KALYANCAP,Unknown
BSE:KALYANI,Unknown
BSE:KAMADGIRI,Unknown
BSE:KAMAHOLD,Unknown
BSE:KAMANWALA,Unknown
BSE:KAMATS,Unknown
BSE:KANCHI,Unknown
BSE:KANCOTEA,Unknown
BSE:KANDAGIRI,Unknown
BSE:KANSHST,Unknown
BSE:KANUNGO,Unknown
BSE:KAPILCO,Unknown
BSE:KAPILRAJ,Unknown
BSE:KARANWO,Unknown
BSE:KARBON,Unknown
BSE:KARNAVATI,Unknown
BSE:KASHYAP,Unknown
BSE:KATIPATANG,Unknown
BSE:KATRSPG,Unknown
BSE:KAYCEEI,Unknown
BSE:KAYPOWR,Unknown
BSE:KBSINDIA,Unknown
BSE:KCDGROUP,Unknown
BSE:KCLINFRA,Unknown
BSE:KDML,Unknown
BSE:KEERTHI,Unknown
BSE:KEIL,Unknown
BSE:KEL,Unknown
BSE:KELENRG,Unknown
BSE:KEMISTAR,Unknown
BSE:KEMP,Unknown
BSE:KENFIN,Unknown
BSE:KENNAMET,Unknown
BSE:KENRIK,Unknown
BSE:KERALAYUR,Unknown
BSE:KESAR,Unknown
BSE:KESARENT,Unknown
BSE:KESARPE,Unknown
BSE:KEYCORP,Unknown
BSE:KFBL,Unknown
BSE:KGDENIM,Unknown
BSE:KGPETRO,Unknown
BSE:KGVL,Unknown
BSE:KHAZANCHI,Unknown
BSE:KHOOBSURAT,Unknown
BSE:KHYATI,Unknown
BSE:KIFS,Unknown
BSE:KIMIABL,Unknown
BSE:KINETICENG,Unknown
BSE:KINETRU,Unknown
BSE:KINGSINFR,Unknown
BSE:KIRANPR,Unknown
BSE:KIRANSY_B,Unknown
BSE:KIRANVYPAR,Unknown
BSE:KIRLFER,Unknown
BSE:KISAAN,Unknown
BSE:KISAN,Unknown
BSE:KIZI,Unknown
BSE:KJMCCORP,Unknown
BSE:KJMCFIN,Unknown
BSE:KKALPANAIND,Unknown
BSE:KKPLASTICK,Unknown
BSE:KKSHL,Unknown
BSE:KLBRENG_B,Unknown
BSE:KLGCAP,Unknown
BSE:KLIFESTYL,Unknown
BSE:KLRFM,Unknown
BSE:KMCSHIL,Unknown
BSE:KMFBLDR,Unknown
BSE:KOBO,Unknown
BSE:KONARKSY,Unknown
BSE:KONNDOR,Unknown
BSE:KORE,Unknown
BSE:KOTIC,Unknown
BSE:KOURA,Unknown
BSE:KOVAI,Unknown
BSE:KPGEL,Unknown
BSE:KPL,Unknown
BSE:KPT,Unknown
BSE:KRANTI,Unknown
BSE:KREONFIN,Unknown
BSE:KRETTOSYS,Unknown
BSE:KRIFILIND,Unknown
BSE:KRISHNA,Unknown
BSE:KRRAIL,Unknown
BSE:KRYPTONQ,Unknown
BSE:KSE,Unknown
BSE:KTIL,Unknown
BSE:KUBERJI,Unknown
BSE:KUMPFIN,Unknown
BSE:KUNSTOFF,Unknown
BSE:KUSHIND,Unknown
BSE:KUWERIN,Unknown
BSE:KVFORGE,Unknown
BSE:KZLFIN,Unknown
BSE:LABELKRAFT,Unknown
BSE:LACTOSE,Unknown
BSE:LADDERUP,Unknown
BSE:LAFFANSQ,Unknown
BSE:LAHL,Unknown
BSE:LAHOTIOV,Unknown
BSE:LAKESHORE,Unknown
BSE:LAKHOTIA,Unknown
BSE:LAKSELEC,Unknown
BSE:LAKSHMIEW,Unknown
BSE:LAKSHMIMIL,Unknown
BSE:LANCER,Unknown
BSE:LANDMARC,Unknown
BSE:LASTMILE,Unknown
BSE:LATIMMETAL,Unknown
BSE:LAXMIPATI,Unknown
BSE:LEADFIN,Unknown
BSE:LEENEE,Unknown
BSE:LEHAR,Unknown
BSE:LELAVOIR,Unknown
BSE:LERTHAI,Unknown
BSE:LESHAIND,Unknown
BSE:LEXORAA,Unknown
BSE:LGBFORGE,Unknown
BSE:LGLL,Unknown
BSE:LGT,Unknown
BSE:LIBORD,Unknown
BSE:LIBORDFIN,Unknown
BSE:LICNETFN50,Unknown
BSE:LIKHAMI,Unknown
BSE:LIMECHM,Unknown
BSE:LINKPH,Unknown
BSE:LIPPISYS,Unknown
BSE:LKPFIN,Unknown
BSE:LKPSEC,Unknown
BSE:LLFICL,Unknown
BSE:LOGICA,Unknown
BSE:LONGSPUR,Unknown
BSE:LONTE,Unknown
BSE:LOOKS,Unknown
BSE:LORDSHOTL,Unknown
BSE:LORDSMARK,Unknown
BSE:LOTUSCHO,Unknown
BSE:LOYAL,Unknown
BSE:LSIND,Unknown
BSE:LTELEVATOR,Unknown
BSE:LUCENT,Unknown
BSE:LUDLOWJUT,Unknown
BSE:LYKISLTD,Unknown
BSE:MACH,Unknown
BSE:MACPLASQ,Unknown
BSE:MADHAVIPL,Unknown
BSE:MADHUDIN,Unknown
BSE:MADHURIND,Unknown
BSE:MADHUVEER,Unknown
BSE:MAFATIND,Unknown
BSE:MAFIA,Unknown
BSE:MAGENTA,Unknown
BSE:MAGNAELQ,Unknown
BSE:MAGNUS,Unknown
BSE:MAHACORP,Unknown
BSE:MAHALXSE,Unknown
BSE:MAHANIN,Unknown
BSE:MAHAVEER,Unknown
BSE:MAIDEN,Unknown
BSE:MAINFRA,Unknown
BSE:MAITRI,Unknown
BSE:MAJESAUT,Unknown
BSE:MAKERSL,Unknown
BSE:MAL,Unknown
BSE:MALPANI,Unknown
BSE:MANBRO,Unknown
BSE:MANGALCOMP,Unknown
BSE:MANGIND,Unknown
BSE:MANOJJEWEL,Unknown
BSE:MANRAJH,Unknown
BSE:MANSIFIN,Unknown
BSE:MAPROIN,Unknown
BSE:MARBLE,Unknown
BSE:MARBU,Unknown
BSE:MARCLOIRE,Unknown
BSE:MARGOFIN,Unknown
BSE:MARIS,Unknown
BSE:MARKOLINES,Unknown
BSE:MARSONS,Unknown
BSE:MARUTISE,Unknown
BSE:MAXGROW,Unknown
BSE:MAXHEIGHTS,Unknown
BSE:MAXIMUS,Unknown
BSE:MAYUR,Unknown
BSE:MAYURFL,Unknown
BSE:MCCHRLS_B,Unknown
BSE:MCEL,Unknown
BSE:MCFL,Unknown
BSE:MCPL,Unknown
BSE:MDRNSTL,Unknown
BSE:MEDIAONE,Unknown
BSE:MEDICAPQ,Unknown
BSE:MEDINOV,Unknown
BSE:MEERA,Unknown
BSE:MEFCOMCAP,Unknown
BSE:MEGACOR,Unknown
BSE:MEGFI,Unknown
BSE:MEHAI,Unknown
BSE:MEHIF,Unknown
BSE:MEHSECU,Unknown
BSE:MEHUL,Unknown
BSE:MENNPIS,Unknown
BSE:MERCANTILE,Unknown
BSE:MERCTRD,Unknown
BSE:MERCURYEV,Unknown
BSE:MERCURYLAB,Unknown
BSE:META,Unknown
BSE:METAINFO,Unknown
BSE:METROGLOBL,Unknown
BSE:METSL,Unknown
BSE:MFLINDIA,Unknown
BSE:MFSINTRCRP,Unknown
BSE:MHSGRMS,Unknown
BSE:MIDEASTP,Unknown
BSE:MIDINDIA,Unknown
BSE:MIDWEST,Unknown
BSE:MIHIKA,Unknown
BSE:MIIL,Unknown
BSE:MIL,Unknown
BSE:MILEFUR,Unknown
BSE:MILESTONE,Unknown
BSE:MILLENNIUM,Unknown
BSE:MINALIND,Unknown
BSE:MINAXI,Unknown
BSE:MINID,Unknown
BSE:MINOLTAF,Unknown
BSE:MISHDESIGN,Unknown
BSE:MISHKA,Unknown
BSE:MISHTANN,Unknown
BSE:MISQUITA,Unknown
BSE:MITSHI,Unknown
BSE:MITSU,Unknown
BSE:MIVENMACH,Unknown
BSE:MIZVEN,Unknown
BSE:MKEXIM,Unknown
BSE:MKPMOB,Unknown
BSE:MKTCREAT,Unknown
BSE:MKVENTURES,Unknown
BSE:MLKFOOD,Unknown
BSE:MMLF,Unknown
BSE:MMWL,Unknown
BSE:MNIL,Unknown
BSE:MODAIRY,Unknown
BSE:MODINATUR,Unknown
BSE:MODINSU,Unknown
BSE:MODIPON,Unknown
BSE:MODIS,Unknown
BSE:MODMA,Unknown
BSE:MODRNSH,Unknown
BSE:MODWOOL,Unknown
BSE:MOHITE,Unknown
BSE:MOHITPPR,Unknown
BSE:MONEYBOXX,Unknown
BSE:MONGIPA,Unknown
BSE:MONIKA,Unknown
BSE:MONIND,Unknown
BSE:MONOT,Unknown
BSE:MORARKFI,Unknown
BSE:MORGAN,Unknown
BSE:MORGANITE,Unknown
BSE:MPAGI,Unknown
BSE:MPDL,Unknown
BSE:MPILCORPL,Unknown
BSE:MPL,Unknown
BSE:MRCAGRO,Unknown
BSE:MRP,Unknown
BSE:MRUTR,Unknown
BSE:MSCTC,Unknown
BSE:MSECL,Unknown
BSE:MSL,Unknown
BSE:MSRINDIA,Unknown
BSE:MTPL,Unknown
BSE:MUDUNURU,Unknown
BSE:MUKATPIP,Unknown
BSE:MUKESHB,Unknown
BSE:MUKTA,Unknown
BSE:MUL,Unknown
BSE:MULLER,Unknown
BSE:MULTIBASE,Unknown
BSE:MUNCAPM,Unknown
BSE:MURAE,Unknown
BSE:MYSORPETRO,Unknown
BSE:MYSTICELE,Unknown
BSE:NACDAC,Unknown
BSE:NAGPI,Unknown
BSE:NAGTECH,Unknown
BSE:NAKSH,Unknown
BSE:NAM,Unknown
BSE:NAPEROL,Unknown
BSE:NAPL,Unknown
BSE:NAPSGLOBAL,Unknown
BSE:NARBADA,Unknown
BSE:NARMP,Unknown
BSE:NARPROP,Unknown
BSE:NATFIT,Unknown
BSE:NATGENI,Unknown
BSE:NATHIND,Unknown
BSE:NATIONSTD,Unknown
BSE:NATPLAS,Unknown
BSE:NATPLASTI,Unknown
BSE:NATRAJPR,Unknown
BSE:NATURAL,Unknown
BSE:NATURO,Unknown
BSE:NBFOOT,Unknown
BSE:NBL,Unknown
BSE:NCLRESE,Unknown
BSE:NCML,Unknown
BSE:NDMETAL,Unknown
BSE:NEAGI,Unknown
BSE:NEELKAN,Unknown
BSE:NEELKANTH,Unknown
BSE:NEERAJ,Unknown
BSE:NEETUYOSHI,Unknown
BSE:NEIL,Unknown
BSE:NEOINFRA,Unknown
BSE:NETLINK,Unknown
BSE:NETTLINX,Unknown
BSE:NEWINFRA,Unknown
BSE:NEWLIGHT,Unknown
BSE:NEWTRAC,Unknown
BSE:NEXOME,Unknown
BSE:NEXT50IETF,Unknown
BSE:NEXUSSURGL,Unknown
BSE:NEXXUS,Unknown
BSE:NGIND,Unknown
BSE:NHCFOODS,Unknown
BSE:NHL,Unknown
BSE:NICCOPAR,Unknown
BSE:NIDHGRN,Unknown
BSE:NIF100BEES,Unknown
BSE:NIHARINF,Unknown
BSE:NIKHILAD,Unknown
BSE:NIKKIGL,Unknown
BSE:NILACHAL,Unknown
BSE:NILE,Unknown
BSE:NIMBSPROJ,Unknown
BSE:NIRAVCOM,Unknown
BSE:NIRLON,Unknown
BSE:NIRMITEE,Unknown
BSE:NISMGMT,Unknown
BSE:NISUS,Unknown
BSE:NITINCAST,Unknown
BSE:NITTAGELA,Unknown
BSE:NIVAKA,Unknown
BSE:NIYOGIN,Unknown
BSE:NLFL,Unknown
BSE:NMSRESRC,Unknown
BSE:NNTL,Unknown
BSE:NOGMIND,Unknown
BSE:NOL,Unknown
BSE:NORRIS,Unknown
BSE:NORTHLINK,Unknown
BSE:NOUVEAU,Unknown
BSE:NOVATEOR,Unknown
BSE:NOVELIX,Unknown
BSE:NOVIS,Unknown
BSE:NPFL,Unknown
BSE:NPL,Unknown
BSE:NPRFIN,Unknown
BSE:NSDL,Unknown
BSE:NSL,Unknown
BSE:NTCIND,Unknown
BSE:NUKLEUS,Unknown
BSE:NUTECGLOB,Unknown
BSE:NUTRICIRCLE,Unknown
BSE:NYSSACORP,Unknown
BSE:OASISEC,Unknown
BSE:OCEANIC,Unknown
BSE:OCTAVE,Unknown
BSE:OCTAVIUSPL,Unknown
BSE:ODYCORP,Unknown
BSE:ODYSSEY,Unknown
BSE:OIVL,Unknown
BSE:OKPLA,Unknown
BSE:OLATECH,Unknown
BSE:OLYMPTX,Unknown
BSE:OLYOI,Unknown
BSE:OMANSH,Unknown
BSE:OMEAG,Unknown
BSE:OMEGAIN,Unknown
BSE:OMKAR,Unknown
BSE:OMKARPH,Unknown
BSE:OMNIAX,Unknown
BSE:OMNIPOTENT,Unknown
BSE:OMNITEX,Unknown
BSE:ONEGLOBAL,Unknown
BSE:ONTIC,Unknown
BSE:OONE,Unknown
BSE:OPTIFIN,Unknown
BSE:ORGANICREC,Unknown
BSE:ORGCOAT,Unknown
BSE:ORIBEVER,Unknown
BSE:ORIRAIL,Unknown
BSE:OROSMITHS,Unknown
BSE:OSCARGLO,Unknown
BSE:OSIAJEE,Unknown
BSE:OSWALEA,Unknown
BSE:OSWALOR,Unknown
BSE:OSWAYRN,Unknown
BSE:OTCO,Unknown
BSE:OVAL,Unknown
BSE:OVOBELE,Unknown
BSE:OXFORDIN,Unknown
BSE:OXYGENTAPH,Unknown
BSE:PACE,Unknown
BSE:PACIFICI,Unknown
BSE:PADALPO,Unknown
BSE:PADAMCO,Unknown
BSE:PADMAIND,Unknown
BSE:PADMALAYAT,Unknown
BSE:PALCO,Unknown
BSE:PANABYTE,Unknown
BSE:PANAENERG,Unknown
BSE:PANAFIC,Unknown
BSE:PANCARBON,Unknown
BSE:PANCHMAHQ,Unknown
BSE:PANCHSHEEL,Unknown
BSE:PANCM,Unknown
BSE:PANELEC,Unknown
BSE:PANIDPR,Unknown
BSE:PANINDIAC,Unknown
BSE:PANJON,Unknown
BSE:PANKAJPO,Unknown
BSE:PANORAMA,Unknown
BSE:PANTH,Unknown
BSE:PAOS,Unknown
BSE:PARAGONF,Unknown
BSE:PARLEIND,Unknown
BSE:PARMCOS_B,Unknown
BSE:PARMESHWAR,Unknown
BSE:PARMSILK,Unknown
BSE:PARNAXLAB,Unknown
BSE:PARSHVA,Unknown
BSE:PARSHWANA,Unknown
BSE:PARVATI,Unknown
BSE:PASARI,Unknown
BSE:PASUFIN,Unknown
BSE:PASUSPG,Unknown
BSE:PATELCHEM,Unknown
BSE:PATELSAI,Unknown
BSE:PATRON,Unknown
BSE:PATSPINLTD,Unknown
BSE:PAUSHAKLTD,Unknown
BSE:PBAINFRA,Unknown
BSE:PBMPOLY,Unknown
BSE:PCCOSMA,Unknown
BSE:PCS,Unknown
BSE:PECOS,Unknown
BSE:PEETISEC,Unknown
BSE:PEIL,Unknown
BSE:PEOPLIN,Unknown
BSE:PERFEPA,Unknown
BSE:PERMAGN,Unknown
BSE:PESB,Unknown
BSE:PFL,Unknown
BSE:PFLINFOTC,Unknown
BSE:PGCRL,Unknown
BSE:PGFOILQ,Unknown
BSE:PHARMAID,Unknown
BSE:PHCAP,Unknown
BSE:PHOENIXTN,Unknown
BSE:PHOENXINTL,Unknown
BSE:PHOTON,Unknown
BSE:PHOTOQUP,Unknown
BSE:PHRMASI,Unknown
BSE:PHYTO,Unknown
BSE:PICCASUG,Unknown
BSE:PICTUREHS,Unknown
BSE:PIONRINV,Unknown
BSE:PIOTEX,Unknown
BSE:PJL,Unknown
BSE:PMCFIN,Unknown
BSE:PML,Unknown
BSE:PMTELELIN,Unknown
BSE:PNTKYOR,Unknown
BSE:POBS,Unknown
BSE:POEL,Unknown
BSE:POLOHOT,Unknown
BSE:POLSON,Unknown
BSE:POLYCHEM,Unknown
BSE:POLYCHMP,Unknown
BSE:POLYCON,Unknown
BSE:POLYLINK,Unknown
BSE:POLYMAC,Unknown
BSE:POLYSPIN,Unknown
BSE:POLYTEX,Unknown
BSE:POOJA,Unknown
BSE:POOJAENT,Unknown
BSE:POONADAL,Unknown
BSE:POPEES,Unknown
BSE:POPULARES,Unknown
BSE:PORWAL,Unknown
BSE:PPARIVAH,Unknown
BSE:PQIF,Unknown
BSE:PRABHHANS,Unknown
BSE:PRADHIN,Unknown
BSE:PRADPME,Unknown
BSE:PRAGBOS,Unknown
BSE:PRARUH,Unknown
BSE:PRATIK,Unknown
BSE:PRATIKSH,Unknown
BSE:PRAVEG,Unknown
BSE:PRECISIO,Unknown
BSE:PREMCAP,Unknown
BSE:PREMCAPM,Unknown
BSE:PREMCO,Unknown
BSE:PREMSYN,Unknown
BSE:PRERINFRA,Unknown
BSE:PRESSURS,Unknown
BSE:PREVEST,Unknown
BSE:PRIMAGR,Unknown
BSE:PRIMAIN,Unknown
BSE:PRIMAPLA,Unknown
BSE:PRIMECAPM,Unknown
BSE:PRIMEFRESH,Unknown
BSE:PRIMEPRO,Unknown
BSE:PRIMEURB,Unknown
BSE:PRIMIND,Unknown
BSE:PRISMMEDI,Unknown
BSE:PRISMX,Unknown
BSE:PRITHVIEXCH,Unknown
BSE:PRIYALT,Unknown
BSE:PROCLB,Unknown
BSE:PROFINC,Unknown
BSE:PROMACT,Unknown
BSE:PROMAX,Unknown
BSE:PRSNTIN,Unknown
BSE:PSITINFRA,Unknown
BSE:PSPL,Unknown
BSE:PSPLATINA,Unknown
BSE:PULSRIN,Unknown
BSE:PUNJCOMMU,Unknown
BSE:PURETROP,Unknown
BSE:PURPLE,Unknown
BSE:PURPLEFIN,Unknown
BSE:PURSHOTTAM,Unknown
BSE:PVVINFRA,Unknown
BSE:QGO,Unknown
BSE:QLL,Unknown
BSE:QUADRANT,Unknown
BSE:QUANTDIA,Unknown
BSE:QUASAR,Unknown
BSE:QUESTCAP,Unknown
BSE:QUESTFLOW,Unknown
BSE:QUINT,Unknown
BSE:RAAJMEDI,Unknown
BSE:RACHIT,Unknown
BSE:RACONTEUR,Unknown
BSE:RADHEDE,Unknown
BSE:RADIXIND,Unknown
BSE:RAGHUNAT,Unknown
BSE:RAGHUSYN,Unknown
BSE:RAGHUTOB,Unknown
BSE:RAINBOWF,Unknown
BSE:RAJABAH,Unknown
BSE:RAJESH,Unknown
BSE:RAJGASES,Unknown
BSE:RAJINFRA,Unknown
BSE:RAJKOTINV,Unknown
BSE:RAJKSYN,Unknown
BSE:RAJNISH,Unknown
BSE:RAJPACK,Unknown
BSE:RAJPALAYAM,Unknown
BSE:RAJPUTANA,Unknown
BSE:RAJSPTR,Unknown
BSE:RAJTUBE,Unknown
BSE:RALEGRA,Unknown
BSE:RAMAPETRO,Unknown
BSE:RAMAPPR_B,Unknown
BSE:RAMASIGNS,Unknown
BSE:RAMAVISION,Unknown
BSE:RAMGOPOLY,Unknown
BSE:RAMINFO,Unknown
BSE:RAMSONS,Unknown
BSE:RANDER,Unknown
BSE:RAP,Unknown
BSE:RAPICUT,Unknown
BSE:RAPID,Unknown
BSE:RAPIDIN,Unknown
BSE:RASANDIK,Unknown
BSE:RASIELEC,Unknown
BSE:RASRESOR,Unknown
BSE:RASSIREF,Unknown
BSE:RATHIBAR,Unknown
BSE:RATHIST,Unknown
BSE:RATNABHUMI,Unknown
BSE:RAUNAQ,Unknown
BSE:RAVALSUGAR,Unknown
BSE:RAWEDGE,Unknown
BSE:RAYALEMA,Unknown
BSE:RCAN,Unknown
BSE:RCIIND,Unknown
BSE:RCL,Unknown
BSE:RDBIPL,Unknown
BSE:RDBRL,Unknown
BSE:REALECO,Unknown
BSE:REFEXRENEW,Unknown
BSE:REGENCY,Unknown
BSE:REGENTRP,Unknown
BSE:REGIS,Unknown
BSE:RELIABVEN,Unknown
BSE:RELICTEC,Unknown
BSE:REMIEDEL,Unknown
BSE:REMLIFE,Unknown
BSE:REPONO,Unknown
BSE:RESGEN,Unknown
BSE:RESONANCE,Unknown
BSE:RESPONSINF,Unknown
BSE:RESTILE,Unknown
BSE:RETAGGIO,Unknown
BSE:RETINA,Unknown
BSE:REXNORD,Unknown
BSE:REXSEAL,Unknown
BSE:RFL,Unknown
BSE:RFLL,Unknown
BSE:RFSL,Unknown
BSE:RGF,Unknown
BSE:RGIL,Unknown
BSE:RGRL,Unknown
BSE:RIBATEX,Unknown
BSE:RICHAIND,Unknown
BSE:RICHUNV,Unknown
BSE:RIDDHI,Unknown
BSE:RIDDHICORP,Unknown
BSE:RIKHAV,Unknown
BSE:RIR,Unknown
BSE:RISAINTL,Unknown
BSE:RISHDIGA,Unknown
BSE:RISHILASE,Unknown
BSE:RISHIROOP,Unknown
BSE:RISHITECH,Unknown
BSE:RISHYRN,Unknown
BSE:RITESHIN,Unknown
BSE:RKDAGRRTL,Unknown
BSE:RLF,Unknown
BSE:RLFL,Unknown
BSE:RMC,Unknown
BSE:ROBU,Unknown
BSE:RODIUM,Unknown
BSE:ROJL,Unknown
BSE:ROLCOEN,Unknown
BSE:RONI,Unknown
BSE:ROOPAIND,Unknown
BSE:ROSELABS,Unknown
BSE:ROSEMER,Unknown
BSE:ROYAL,Unknown
BSE:ROYALCU,Unknown
BSE:ROYALIND,Unknown
BSE:RRECL,Unknown
BSE:RRETAIL,Unknown
BSE:RRFIN,Unknown
BSE:RRIL,Unknown
BSE:RRMETAL,Unknown
BSE:RRP,Unknown
BSE:RRPDEFENSE,Unknown
BSE:RRSECUR,Unknown
BSE:RSCINT,Unknown
BSE:RSDFIN,Unknown
BSE:RSTL,Unknown
BSE:RTFL,Unknown
BSE:RTSPOWR,Unknown
BSE:RUDRA,Unknown
BSE:RUDRAECO,Unknown
BSE:RUDRAGAS,Unknown
BSE:RUNGTAIR,Unknown
BSE:SAB,Unknown
BSE:SABOOSOD,Unknown
BSE:SACHEMT,Unknown
BSE:SAENTER,Unknown
BSE:SAFE,Unknown
BSE:SAFFRON,Unknown
BSE:SAGARSOFT,Unknown
BSE:SAHARAHOUS,Unknown
BSE:SAHLIBHFI,Unknown
BSE:SAICAPI,Unknown
BSE:SAICOM,Unknown
BSE:SAILANI,Unknown
BSE:SAINIK,Unknown
BSE:SAKTHIFIN,Unknown
BSE:SALAUTO,Unknown
BSE:SALEM,Unknown
BSE:SALGUTI,Unknown
BSE:SALORAINTL,Unknown
BSE:SALSAIN,Unknown
BSE:SAMBANDAM,Unknown
BSE:SAMINDUS,Unknown
BSE:SAMKRG,Unknown
BSE:SAMOR,Unknown
BSE:SAMPAT,Unknown
BSE:SAMPRE,Unknown
BSE:SAMRATFORG,Unknown
BSE:SAMRATPH,Unknown
BSE:SAMSRITA,Unknown
BSE:SAMTEX,Unknown
BSE:SAMYAKINT,Unknown
BSE:SANBLUE,Unknown
BSE:SANCF,Unknown
BSE:SANCODE,Unknown
BSE:SANCTRN,Unknown
BSE:SANDUPHQ,Unknown
BSE:SANGAMFIN,Unknown
BSE:SANINFRA,Unknown
BSE:SANJIVIN,Unknown
BSE:SANPA,Unknown
BSE:SANSTAR,Unknown
BSE:SANTETX,Unknown
BSE:SANTOSHF,Unknown
BSE:SAPL,Unknown
BSE:SAPPL,Unknown
BSE:SARTHAKGL,Unknown
BSE:SARTHAKIND,Unknown
BSE:SARUPINDUS,Unknown
BSE:SARVOTTAM,Unknown
BSE:SATCH,Unknown
BSE:SATTRIX,Unknown
BSE:SATTVASUKU,Unknown
BSE:SAUMYA,Unknown
BSE:SAVERA,Unknown
BSE:SAVFI,Unknown
BSE:SAWACA,Unknown
BSE:SAYAJIHOTL,Unknown
BSE:SAYAJIIND,Unknown
BSE:SBECSUG,Unknown
BSE:SBECSYS,Unknown
BSE:SBFL,Unknown
BSE:SBISENSEX,Unknown
BSE:SBL,Unknown
BSE:SBLI,Unknown
BSE:SBRANDS,Unknown
BSE:SBVCL,Unknown
BSE:SCAGRO,Unknown
BSE:SCANPRO,Unknown
BSE:SCANSTL,Unknown
BSE:SCARNOSE,Unknown
BSE:SCL,Unknown
BSE:SCOOBEEDAY,Unknown
BSE:SCTL,Unknown
BSE:SDC,Unknown
BSE:SDL,Unknown
BSE:SEACOAST,Unknown
BSE:SEALMATIC,Unknown
BSE:SEASONST,Unknown
BSE:SEATV,Unknown
BSE:SEIL,Unknown
BSE:SEKURITIND,Unknown
BSE:SEL,Unknown
BSE:SELLWIN,Unknown
BSE:SEML,Unknown
BSE:SENINFO,Unknown
BSE:SENSEXBEES,Unknown
BSE:SERA,Unknown
BSE:SERIND,Unknown
BSE:SETFSN50,Unknown
BSE:SEVENHILL,Unknown
BSE:SEVL,Unknown
BSE:SFPIL,Unknown
BSE:SFSL,Unknown
BSE:SGFRL,Unknown
BSE:SGLRES,Unknown
BSE:SGNTE,Unknown
BSE:SGRL,Unknown
BSE:SHAHFOOD,Unknown
BSE:SHAHISHIP,Unknown
BSE:SHAHLON,Unknown
BSE:SHALIWIR,Unknown
BSE:SHALPRO,Unknown
BSE:SHAMROIN,Unknown
BSE:SHANGAR,Unknown
BSE:SHANMUGA,Unknown
BSE:SHANTAI,Unknown
BSE:SHANTIDENM,Unknown
BSE:SHANTIGURU,Unknown
BSE:SHAQUAK,Unknown
BSE:SHARDUL,Unknown
BSE:SHARIKA,Unknown
BSE:SHARMEH,Unknown
BSE:SHARP,Unknown
BSE:SHARPINV,Unknown
BSE:SHARPLINE,Unknown
BSE:SHARVAYA,Unknown
BSE:SHASHIJIT,Unknown
BSE:SHAWGELTIN,Unknown
BSE:SHBAJRG,Unknown
BSE:SHERVANI,Unknown
BSE:SHESHAINDS,Unknown
BSE:SHETR,Unknown
BSE:SHGANEL,Unknown
BSE:SHHARICH,Unknown
BSE:SHIKHAR,Unknown
BSE:SHILCTECH,Unknown
BSE:SHILGRAVQ,Unknown
BSE:SHILINDORE,Unknown
BSE:SHINDL,Unknown
BSE:SHINEFASH,Unknown
BSE:SHISHIND,Unknown
BSE:SHIVA,Unknown
BSE:SHIVAAGRO,Unknown
BSE:SHIVACEM,Unknown
BSE:SHIVAEXPO,Unknown
BSE:SHIVAGR,Unknown
BSE:SHIVAM,Unknown
BSE:SHIVTEXCHEM,Unknown
BSE:SHKARTP,Unknown
BSE:SHOORA,Unknown
BSE:SHPLPUNE,Unknown
BSE:SHRAAITECH,Unknown
BSE:SHRADDHA,Unknown
BSE:SHRAJOI,Unknown
BSE:SHRAJSYNQ,Unknown
BSE:SHRDAIS,Unknown
BSE:SHREE,Unknown
BSE:SHREEGANES,Unknown
BSE:SHREENATH,Unknown
BSE:SHREEPAC,Unknown
BSE:SHREEREF,Unknown
BSE:SHREESEC,Unknown
BSE:SHREMETAL,Unknown
BSE:SHREYASI,Unknown
BSE:SHRICON,Unknown
BSE:SHRIDINE,Unknown
BSE:SHRIGANG,Unknown
BSE:SHRIKRISH,Unknown
BSE:SHRINIWAS,Unknown
BSE:SHRISTI,Unknown
BSE:SHRJAGP,Unknown
BSE:SHRMFGC,Unknown
BSE:SHRYDUS,Unknown
BSE:SHUBHAM,Unknown
BSE:SHUKJEW,Unknown
BSE:SHUKRAPHAR,Unknown
BSE:SHVFL,Unknown
BSE:SHVSUIT,Unknown
BSE:SHYAMACOMP,Unknown
BSE:SIBARAUT,Unknown
BSE:SICAGEN,Unknown
BSE:SICAPIT,Unknown
BSE:SIDDHA,Unknown
BSE:SIDDHEGA,Unknown
BSE:SIEL,Unknown
BSE:SIIL,Unknown
BSE:SIKA,Unknown
BSE:SIKOZY,Unknown
BSE:SILVERADD,Unknown
BSE:SILVERLINE,Unknown
BSE:SILVOAK,Unknown
BSE:SIMMOND,Unknown
BSE:SIMPLEXCAS,Unknown
BSE:SIMPLXMIL,Unknown
BSE:SIMPLXPAP,Unknown
BSE:SIMPLXREA,Unknown
BSE:SIMRAN,Unknown
BSE:SINGER,Unknown
BSE:SIPTL,Unknown
BSE:SISL,Unknown
BSE:SITAENT,Unknown
BSE:SIYARAM,Unknown
BSE:SIZEMASTER,Unknown
BSE:SKCIL,Unknown
BSE:SKIEL,Unknown
BSE:SKIFL,Unknown
BSE:SKILVEN,Unknown
BSE:SKPMIL,Unknown
BSE:SKPSEC,Unknown
BSE:SKRABUL,Unknown
BSE:SKYIND,Unknown
BSE:SKYLMILAR,Unknown
BSE:SLSTLQ,Unknown
BSE:SMARTFIN,Unknown
BSE:SMAUTO,Unknown
BSE:SMFIL,Unknown
BSE:SMGOLD,Unknown
BSE:SMRUTHIORG,Unknown
BSE:SMTEL,Unknown
BSE:SNL,Unknown
BSE:SOBME,Unknown
BSE:SODFC,Unknown
BSE:SOFCOM,Unknown
BSE:SOFTRAKV,Unknown
BSE:SOFTSOL,Unknown
BSE:SOLARIUM,Unknown
BSE:SOLIDSTON,Unknown
BSE:SOLIMAC,Unknown
BSE:SOLVEX,Unknown
BSE:SOMAPPR,Unknown
BSE:SONAL,Unknown
BSE:SONALAD,Unknown
BSE:SONALIS,Unknown
BSE:SOURCEIND,Unknown
BSE:SOURCENTRL,Unknown
BSE:SOUTHMG,Unknown
BSE:SOUTLAT,Unknown
BSE:SOVERDIA,Unknown
BSE:SPACAPS,Unknown
BSE:SPACEINCUBA,Unknown
BSE:SPAR,Unknown
BSE:SPCAPIT,Unknown
BSE:SPECFOOD,Unknown
BSE:SPECTRA,Unknown
BSE:SPELS,Unknown
BSE:SPENTA,Unknown
BSE:SPICEISLIN,Unknown
BSE:SPICEJET,Unknown
BSE:SPICELOUNG,Unknown
BSE:SPINAROO,Unknown
BSE:SPITZE,Unknown
BSE:SPL,Unknown
BSE:SPRAYKING,Unknown
BSE:SPRIGHT,Unknown
BSE:SPSL,Unknown
BSE:SPTRSHI,Unknown
BSE:SRAMSET,Unknown
BSE:SRDAPRT,Unknown
BSE:SRECR,Unknown
BSE:SRESTHA,Unknown
BSE:SRICC,Unknown
BSE:SRIGEE,Unknown
BSE:SRIKPRIND,Unknown
BSE:SRINACHA,Unknown
BSE:SRMCL,Unknown
BSE:SRMENERGY,Unknown
BSE:SRSOLTD,Unknown
BSE:SRUSTEELS,Unknown
BSE:SSL,Unknown
BSE:SSLEL,Unknown
BSE:SSPDL,Unknown
BSE:SSPNFIN,Unknown
BSE:SSWRL,Unknown
BSE:STAL,Unknown
BSE:STANCAP,Unknown
BSE:STANPACK,Unknown
BSE:STANROS,Unknown
BSE:STARCOM,Unknown
BSE:STARDELTA,Unknown
BSE:STARHFL,Unknown
BSE:STARIMAGIN,Unknown
BSE:STARLENT,Unknown
BSE:STARLOG,Unknown
BSE:STCORP,Unknown
BSE:STDBAT,Unknown
BSE:STDSFAC,Unknown
BSE:STDSHOE,Unknown
BSE:STELLANT,Unknown
BSE:STELLAR,Unknown
BSE:STERPOW,Unknown
BSE:STHINPA,Unknown
BSE:STL,Unknown
BSE:STLSTRINF,Unknown
BSE:STML,Unknown
BSE:STOVACQ,Unknown
BSE:STRATMONT,Unknown
BSE:STRGRENWO,Unknown
BSE:STURDY,Unknown
BSE:SUBAM,Unknown
BSE:SUBSM,Unknown
BSE:SUCROSA,Unknown
BSE:SUDAI,Unknown
BSE:SUDARSHAN,Unknown
BSE:SUDTIND_B,Unknown
BSE:SUGALDAM,Unknown
BSE:SUGSLLOYD,Unknown
BSE:SUJALA,Unknown
BSE:SULABEN,Unknown
BSE:SUMEETINDS,Unknown
BSE:SUMERUIND,Unknown
BSE:SUNCITYSY,Unknown
BSE:SUNGOLD,Unknown
BSE:SUNILAGR,Unknown
BSE:SUNITATOOL,Unknown
BSE:SUNLOC,Unknown
BSE:SUNRAJDI,Unknown
BSE:SUNRAKSHAK,Unknown
BSE:SUNRETAIL,Unknown
BSE:SUNSHIEL,Unknown
BSE:SUPER,Unknown
BSE:SUPERBAK,Unknown
BSE:SUPERIOR,Unknown
BSE:SUPERIRON,Unknown
BSE:SUPERSHAKT,Unknown
BSE:SUPERTEX,Unknown
BSE:SUPRAPFSL,Unknown
BSE:SUPRATRE,Unknown
BSE:SUPTANERY,Unknown
BSE:SURAJ,Unknown
BSE:SURATRAML,Unknown
BSE:SURBHIN,Unknown
BSE:SURJIND,Unknown
BSE:SURYAAMBA,Unknown
BSE:SURYALA,Unknown
BSE:SURYVANSP,Unknown
BSE:SUUMAYA,Unknown
BSE:SVAMSOF,Unknown
BSE:SVARTCORP,Unknown
BSE:SVCIND,Unknown
BSE:SVGLOBAL,Unknown
BSE:SVJ,Unknown
BSE:SVRL,Unknown
BSE:SVS,Unknown
BSE:SW1,Unknown
BSE:SWADEIN,Unknown
BSE:SWADHATURE,Unknown
BSE:SWADPOL,Unknown
BSE:SWANAGRO,Unknown
BSE:SWARNSAR,Unknown
BSE:SWASTH,Unknown
BSE:SWASTIKA,Unknown
BSE:SWASTIKAAL,Unknown
BSE:SWASTIVI,Unknown
BSE:SWISSMLTRY,Unknown
BSE:SWITCHTE,Unknown
BSE:SWOJAS,Unknown
BSE:SWRNASE,Unknown
BSE:SYBLY,Unknown
BSE:SYLPH,Unknown
BSE:SYNTHFO,Unknown
BSE:SYSCHEM,Unknown
BSE:SYSTEMATIC,Unknown
BSE:SYSTMTXC,Unknown
BSE:SYTIXSE,Unknown
BSE:TAALENT,Unknown
BSE:TAHMARENT,Unknown
BSE:TAIIND,Unknown
BSE:TAKYON,Unknown
BSE:TALBROSENG,Unknown
BSE:TAMBOLIIN,Unknown
BSE:TANAA,Unknown
BSE:TANFACIND,Unknown
BSE:TAPARIA,Unknown
BSE:TARAI,Unknown
BSE:TARINI,Unknown
BSE:TATIAGLOB,Unknown
BSE:TAVERNIER,Unknown
BSE:TCC,Unknown
BSE:TCFCFINQ,Unknown
BSE:TCIIND,Unknown
BSE:TCMLMTD,Unknown
BSE:TECHKGREEN,Unknown
BSE:TECHNICHEM,Unknown
BSE:TECHNOPACK,Unknown
BSE:TECHNVISN,Unknown
BSE:TEEAI,Unknown
BSE:TEJASSVI,Unknown
BSE:TEJNAKSH,Unknown
BSE:TELECANOR,Unknown
BSE:TELGE,Unknown
BSE:TELOGICA,Unknown
BSE:TERAI,Unknown
BSE:TEXELIN,Unknown
BSE:TGIF,Unknown
BSE:TGVSL,Unknown
BSE:THACKER,Unknown
BSE:THAKDEV,Unknown
BSE:THAKRAL,Unknown
BSE:THINKINK,Unknown
BSE:TIERRA,Unknown
BSE:TIGLOB,Unknown
BSE:TIHIL,Unknown
BSE:TILAK,Unknown
BSE:TIMESGREEN,Unknown
BSE:TIMEX,Unknown
BSE:TIRSARJ,Unknown
BSE:TIRTPLS,Unknown
BSE:TIRUFOAM,Unknown
BSE:TIRUSTA,Unknown
BSE:TITAANIUM,Unknown
BSE:TITANBIO,Unknown
BSE:TITANIN,Unknown
BSE:TITANSEC,Unknown
BSE:TLL,Unknown
BSE:TMTIND_B1,Unknown
BSE:TNSTLTU,Unknown
BSE:TOKYOFIN,Unknown
BSE:TOTEM,Unknown
BSE:TOYAMSL,Unknown
BSE:TPROJECT,Unknown
BSE:TRABI,Unknown
BSE:TRADEWELL,Unknown
BSE:TRANSCHEM,Unknown
BSE:TRANSCOR,Unknown
BSE:TRANSFD,Unknown
BSE:TRANSFRE,Unknown
BSE:TRANSPEK,Unknown
BSE:TRANSVOY,Unknown
BSE:TRESCON,Unknown
BSE:TRINITYLEA,Unknown
BSE:TRIOMERC,Unknown
BSE:TRISHAKT,Unknown
BSE:TRITON,Unknown
BSE:TRITONV,Unknown
BSE:TRIUMPIN,Unknown
BSE:TRIVENIENT,Unknown
BSE:TRIVENIGQ,Unknown
BSE:TRL,Unknown
BSE:TRUALT,Unknown
BSE:TRUECOLORS,Unknown
BSE:TRUEGREEN,Unknown
BSE:TRUSTEDGE,Unknown
BSE:TRUSTWAVE,Unknown
BSE:TSPIRITUAL,Unknown
BSE:TTC,Unknown
BSE:TTFL,Unknown
BSE:TTGIL,Unknown
BSE:TTIENT,Unknown
BSE:TTIL,Unknown
BSE:TULASEEBIOE,Unknown
BSE:TULIVE,Unknown
BSE:TULSYAN,Unknown
BSE:TUNITEX,Unknown
BSE:TUTIALKA,Unknown
BSE:TYCHE,Unknown
BSE:TYROON,Unknown
BSE:UCIL,Unknown
BSE:UDAYJEW,Unknown
BSE:UHZAVERI,Unknown
BSE:ULTRACAB,Unknown
BSE:ULTRAMAR,Unknown
BSE:UMIYA,Unknown
BSE:UML,Unknown
BSE:UNIABEXAL,Unknown
BSE:UNIAUTO,Unknown
BSE:UNICK,Unknown
BSE:UNIFIED,Unknown
BSE:UNIOFFICE,Unknown
BSE:UNIQUEO,Unknown
BSE:UNIROYAL,Unknown
BSE:UNISHIRE,Unknown
BSE:UNITDCR,Unknown
BSE:UNITEDINT,Unknown
BSE:UNITEDTE,Unknown
BSE:UNITINT,Unknown
BSE:UNIVARTS,Unknown
BSE:UNIVSTAR,Unknown
BSE:UNJHAFOR,Unknown
BSE:UNQTYMI,Unknown
BSE:UNRYLMA,Unknown
BSE:UNTTEMI,Unknown
BSE:UPHOT,Unknown
BSE:UPSURGE,Unknown
BSE:URSUGAR,Unknown
BSE:USGTECH,Unknown
BSE:USHAKIRA,Unknown
BSE:UTCRFS2DAP,Unknown
BSE:UTCRFS2DGR,Unknown
BSE:UTCRFS2DMP,Unknown
BSE:UTCRFS2RGR,Unknown
BSE:UTCRFS2RQP,Unknown
BSE:UTINIFTETF,Unknown
BSE:UTIQUE,Unknown
BSE:UTISENSETF,Unknown
BSE:UVDRHOR,Unknown
BSE:UVS,Unknown
BSE:VAARAD,Unknown
BSE:VADILENT,Unknown
BSE:VAGHANI,Unknown
BSE:VAICC,Unknown
BSE:VALENCIA,Unknown
BSE:VALIANT,Unknown
BSE:VALINDIA,Unknown
BSE:VALLABHSQ,Unknown
BSE:VALSONQ,Unknown
BSE:VAMA,Unknown
BSE:VAMSHIRU,Unknown
BSE:VANDAN,Unknown
BSE:VANDU,Unknown
BSE:VANICOM,Unknown
BSE:VANTABIO,Unknown
BSE:VAPIENTER,Unknown
BSE:VARDHMAN,Unknown
BSE:VARIMAN,Unknown
BSE:VASHISHTHA,Unknown
BSE:VASINFRA,Unknown
BSE:VASUDHAGAM,Unknown
BSE:VASUPRADA,Unknown
BSE:VBDESAI,Unknown
BSE:VBIND,Unknown
BSE:VCU,Unknown
BSE:VEDANTASSET,Unknown
BSE:VEDAVAAG,Unknown
BSE:VEEFIN,Unknown
BSE:VEERENRGY,Unknown
BSE:VEERHEALTH,Unknown
BSE:VEERKRUPA,Unknown
BSE:VEL,Unknown
BSE:VELHO,Unknown
BSE:VELJAN,Unknown
BSE:VENLONENT,Unknown
BSE:VENMAX,Unknown
BSE:VENTURA,Unknown
BSE:VERITAS,Unknown
BSE:VERTEX,Unknown
BSE:VGCL,Unknown
BSE:VGIL,Unknown
BSE:VICTMILL,Unknown
BSE:VIJAYTX,Unknown
BSE:VIJSOLX,Unknown
BSE:VIKASPROP,Unknown
BSE:VIKASWSP,Unknown
BSE:VIKRAMAR,Unknown
BSE:VIKRAMTH,Unknown
BSE:VINTAGES,Unknown
BSE:VINTRON,Unknown
BSE:VIPPYSP,Unknown
BSE:VIPULORG,Unknown
BSE:VIRAT,Unknown
BSE:VIRATCRA,Unknown
BSE:VIRGOGLOB,Unknown
BSE:VIRTUALG,Unknown
BSE:VIRYA,Unknown
BSE:VISAGAR,Unknown
BSE:VISHAL,Unknown
BSE:VISHALBL,Unknown
BSE:VISIONCINE,Unknown
BSE:VISIONCO,Unknown
BSE:VISTAPH,Unknown
BSE:VISTARAMAR,Unknown
BSE:VISVEN,Unknown
BSE:VIVAA,Unknown
BSE:VIVANTA,Unknown
BSE:VIVANZA,Unknown
BSE:VIVIDIND,Unknown
BSE:VIVIDM,Unknown
BSE:VIVOBIOT,Unknown
BSE:VJLAXMIE,Unknown
BSE:VJTFEDU,Unknown
BSE:VKAL,Unknown
BSE:VKJINFRA,Unknown
BSE:VLL,Unknown
BSE:VMS,Unknown
BSE:VOEPL,Unknown
BSE:VOITHPAPR,Unknown
BSE:VOLLF,Unknown
BSE:VPL,Unknown
BSE:VRFILMS,Unknown
BSE:VRL,Unknown
BSE:VRUDDHI,Unknown
BSE:VRWODAR,Unknown
BSE:VSFPROJ,Unknown
BSE:VSL,Unknown
BSE:VTMLTD,Unknown
BSE:VUENOW,Unknown
BSE:VVIPIL,Unknown
BSE:VXLINSTR,Unknown
BSE:WAA,Unknown
BSE:WAAREE,Unknown
BSE:WAGEND,Unknown
BSE:WALCHPF,Unknown
BSE:WALLFORT,Unknown
BSE:WARDHEALTH,Unknown
BSE:WARDINMOBI,Unknown
BSE:WARDWIZFBL,Unknown
BSE:WARRENTEA,Unknown
BSE:WATERBASE,Unknown
BSE:WELCURE,Unknown
BSE:WELSPLSOL,Unknown
BSE:WEPSOLN,Unknown
BSE:WHBRADY,Unknown
BSE:WHITEORG,Unknown
BSE:WILLIMFI,Unknown
BSE:WIMPLAST,Unknown
BSE:WINPRO,Unknown
BSE:WINSOMBR,Unknown
BSE:WINSOMTX,Unknown
BSE:WIREFABR,Unknown
BSE:WOMENNET,Unknown
BSE:WORTH,Unknown
BSE:WPIL,Unknown
BSE:WSFX,Unknown
BSE:WWALUM,Unknown
BSE:YAANENT,Unknown
BSE:YAMNINV,Unknown
BSE:YARNPP,Unknown
BSE:YASHCHEM,Unknown
BSE:YASHHV,Unknown
BSE:YASHINNO,Unknown
BSE:YASHMGM,Unknown
BSE:YASHRAJC,Unknown
BSE:YASTF,Unknown
BSE:YOGI,Unknown
BSE:YOGISUNG,Unknown
BSE:YORKEXP,Unknown
BSE:YSL,Unknown
BSE:YUNIKM,Unknown
BSE:YURANUS,Unknown
BSE:YUVRAAJHPL,Unknown
BSE:ZDHJERK,Unknown
BSE:ZEAL,Unknown
BSE:ZENIFIB,Unknown
BSE:ZENITHHE,Unknown
BSE:ZENOTECH,Unknown
BSE:ZFSTEERING,Unknown
BSE:ZINEMA,Unknown
BSE:ZKHANDEN,Unknown
BSE:ZMILGFIN,Unknown
BSE:ZMULTIPU,Unknown
BSE:ZODIACVEN,Unknown
BSE:ZODJRDMKJ,Unknown
BSE:ZR2,Unknown
BSE:ZSANMCOM,Unknown
BSE:ZSARACOM,Unknown
BSE:ZSVARAJT,Unknown
BSE:ZSWASTSA,Unknown
BSE:ZWELCAST,Unknown
